title|description|start_date|end_date|category|tags|content_type|institution|Id
Jornada Internacional de Ingeniería de Sistemas​|La Jornada Internacional de Ingeniería de Sistemas (JINIS) se ha venido desarrollando durante 29 años en la Universidad Católica de Santa María, su primera versión se llevó a cabo el año 1992, y se ha continuado año a año. El JINIS ha logrado congregar científicos, investigadores y empresarios del área en cada una de sus ediciones. |2023-10-03|2023-10-05|Tecnología|Sistemas, Tecnologia, Sistemas|Evento|UCSM|1
Semana de la innovación i3week|"I3week es una semana enfocada en impulsar el emprendimiento y la innovación, reuniendo a académicos, empresarios, emprendedores y la comunidad en general. Este es el evento principal del año para adquirir conocimiento, compartir ideas y colaborar en la creación de valor y la construcción de un mundo mejor.

¡Inspírate y aprende con expertos en innovación, emprendimiento, sostenibilidad y transferencia tecnológica! Disfruta de charlas interesantes, conferencias, casos de éxito, talleres enriquecedores y oportunidades de hacer contactos. ¡No te pierdas esta gran oportunidad para crecer y aprender!"|2023-11-06|2023-11-10|Tecnología|Emprendimiento, innovación, tecnología|Evento|ESPOL|2
IV Foro Iberoamericano de Universidades y Sostenibilidad|Socializar los nuevos avances de las universidades miembro de las redes de ARIUSA en su compromiso con la sustentabilidad, con especial énfasis en cambio climático y su contribución a los ODS|2023-09-27|2023-09-27|Medio Ambiente|Medio ambiente, recursos naturales, sustentabilidad|Evento|USAC|3
II congreso INDETEIQ 2023|"Durante este evento, abordaremos temas de gran relevancia impartidos por destacados profesionales en campos como la gestión de aguas residuales, estrategias de educación superior, gestión integral de residuos, economía circular y síntesis de materiales.

Este año, tenemos el honor de contar con la participación de estudiantes que han culminado su pensum de estudio, quienes presentarán sus investigaciones en áreas que incluyen la conservación de energía, obtención de biopolímeros, elaboración de tinturas, mejora curricular y simulación en ingeniería química. A todos los asistentes se les otorgará un diploma de participación como reconocimiento a su compromiso y contribución."|2023-10-09|2023-10-11|Medio Ambiente|Ciencia de los materiales, polímeros, educación superior, estudiantes|Evento|USAC|4
Congreso de Química 2023|El congreso será un espacio de aprendizaje, intercambio de conocimientos y celebración de la química en todas sus facetas. Tendremos charlas magistrales con expertos destacados, sesiones interactivas, presentaciones de investigaciones de vanguardia y oportunidades de networking con colegas y profesionales de la química.|2023-10-25|2023-10-28|Innovación|Congreso de Química 2023        El congreso será un espacio de aprendizaje, intercambio de conocimientos y celebración de la química en todas sus facetas. Tendremos charlas magistrales con expertos destacados, sesiones interactivas, presentaciones de investigaciones de vanguardia y oportunidades de networking con colegas y profesionales de la química.|Evento|USAC|5
Desarrollo de un biofungicida de uso agrícola a base de extractos a celulares de trichoderma asperellum|Desarrollo de un biofungicida a base de extractos líquidos obtenidos a partir de dos cepas nativas de trichoderma asperellum (grb-ha1 y grb-ha2), que permita la generación de un biofungicida comercial útil para el control hongos del género fusarium como agente causal de la marchitez en cultivos de gulupa y mango. Objetivo Avanzar en los procesos de escalamiento para la producción de conidios de trichoderma asperellum grb-ha1 y grb-ha2 y y las pruebas de campo con la empresa palmixtex y el cultivo líquido para la obtención de extractos líquidos a partir de dos cepas nativas de trichoderma asperellum (grb-ha1 y grb-ha2) que permita la generación de un biofungicida comercial útil para el control hongos fitopatógenos.|2019-07-15|2021-01-14|Agricultura|Biofungicida, Trichoderma asperellum, Extractos líquidos, Control fitopatógenos|Proyecto|UDEM|6
Programa de Robótica STEAM BATEAS|Al menos 10 profesores y más de 120 alumnos se beneficiaron con el proyecto ¨Educando para el Futuro¨, que implementó este 2022 Minera Bateas en el Centro Poblado Menor de Jachaña, distrito de Caylloma, región de Arequipa. El objetivo del programa fue desarrollar las capacidades STEAM (Ciencia, tecnología, Ingeniería, arte y matemáticas por sus siglas en inglés) en los estudiantes, quienes lograron proyectos de robótica y desarrollaron herramientas digitales y de programación. Para clausurar el programa se realizó un concurso de exposición de robots con legos a través del cual los alumnos demostraron las destrezas aprendidas. “Los alumnos que participaron en este programa pertenecen en su mayoría a la condición económica de pobreza y pobreza extrema, sin embargo, han incrementado sus capacidades en algunas áreas, por lo cual consideramos que este enfoque de enseñanza-aprendizaje ayuda mucho”, destacó Edy Toledo, director de la Institución Educativa San Francisco de Asís de Jachaña. STEAM es un enfoque educativo donde se aprende explorando. Este formato implica el desarrollo del pensamiento computacional, un proceso donde interviene la formulación y resolución de problemas, de manera que puedan ser representadas y realizadas por un procesador de información.|2023-01-06||Tecnología|Innovación|Proyecto|UCSM|7
Fomento e Incentivo a la Publicación Científica en la UCSM|"El Vicerrectorado de Investigación convoca a los docentes, jefes de práctica (nombrados y contratados), estudiantes y egresados de pre-grado y post-grado y personal administrativo de la Universidad Católica de Santa María (UCSM) a presentar sus artículos de investigación publicados en revistas indexadas que se encuentren en bases de datos (Scopus y Web of Science – sólo Colección principal excluyendo ESCI) para obtener el bono de fomento e incentivo a la publicación científica. Como objetivos de la convocatoria el reconocer mediante el otorgamiento de un incentivo monetario no reembolsable el 
esfuerzo de los docentes e investigadores afiliados a la UCSM, por publicar sus 
resultados de investigación en revistas indexadas en bases de datos bibliográficas: 
Scopus o Web of Science – sólo Colección principal excluyendo ESCI, asegurando 
de ese modo que los resultados de investigación alcanzan la condición de trabajo 
científico, y por lo tanto es una prueba válida de que una investigación ha terminado.  "|2023-07-15|2023-12-01|Convocatoria|Reconocimiento Científico, Estímulo a la Publicación|Evento|UCSM|8
Semilleros de Investigación – Convocatoria Estudiantes 2023|"El Vicerrectorado de Investigación invita a estudiantes de Pregrado y docentes de la Universidad Católica
de Santa María, con interés desarrollo estudiantil de capacidades y aptitudes para la investigación 
científica, a presentar sus propuestas para el Concurso SEMILLEROS DE INVESTIGACIÓN CIENTÍFICA 2023,
según lo estipulado en las presentes bases y con cumplimiento estricto de los requisitos especificados a
lo largo de todo el documento y sus anexos.
"|2023-06-21|2023-08-07|Convocatoria|Investigación, Educación, Ciencia, Universidad, Convocatoria, Desarrollo Estudiantil, Capacidades, Aptitudes, Concurso, Vicerrectorado, Documento, Anexos, Estudiantes, Docentes, UCSM (Universidad Católica de Santa María), 2023.|Proyecto|UCSM|9
Feria Universitaria de Ciencia y Tecnología UCSM|"La ""Feria Universitaria de Ciencia y Tecnología UCSM"" es una convocatoria realizada por el Vicerrectorado de Investigación de la Universidad Católica de Santa María. Está diseñada para estudiantes de pregrado interesados en la investigación científica y tecnológica. El objetivo principal es fomentar el interés por la investigación, promover la creatividad y la innovación, y fortalecer la relación entre la universidad, el sector empresarial y las instituciones comprometidas con la ciencia y tecnología. Los participantes deben presentar propuestas de investigación concluidas que no provengan de tesis o proyectos financiados. El proceso incluye postulación, presentación oral y evaluación por un comité designado."|2023-06-01|2023-07-23|Ciencia y Tecnologia|Feria de Ciencia y Tecnología, Investigación Universitaria, Estudiantes de Pregrado, Desarrollo Científico, Innovación Estudiantil.|Evento|UCSM|10
Concurso Fondo para la Investigación 2023 – I|"El Vicerrectorado de Investigación de la Universidad Católica de Santa María convoca a docentes e investigadores a presentar propuestas para el ""Fondo para la Investigación en la Universidad Católica de Santa María 2023"". El concurso busca fortalecer la investigación científica y el desarrollo tecnológico en la universidad, promoviendo proyectos de iniciación científica, investigación básica o aplicada, y desarrollo tecnológico. Los proyectos deben contribuir al avance del conocimiento, cumplir con objetivos específicos y entregar resultados concretos. La finalidad es impactar a nivel local e internacional y promover alianzas estratégicas. Tags: Investigación Científica, Desarrollo Tecnológico, Universidad, Convocatoria, Proyectos de Investigación. Categoría: Investigación y Desarrollo."|2023-05-03|2023-07-16|Investigación|Investigación Científica, Desarrollo Tecnológico, Universidad, Convocatoria, Proyectos de Investigación.|Evento|UCSM|11
Call For Papers – Convocatoria de artículos para Véritas 2023|"El Vicerrectorado de Investigación de la Universidad Católica de Santa María (UCSM) por medio de la Dirección de Transferencia Tecnológica y del Conocimiento, convoca al público en general a presentars a Call For Papers 2023.
"|2023-05-03||Investigación|Investigación Científica|Proyecto|UCSM|12
Mecuy|José Huacani Laura, sustento su propuesta de desarrollar el producto, porque en la actualidad en el mercado local existe embutidos que tienen alto contenido de grasas saturadas; la ingesta de esta causa en el ser humano que se eleve sus niveles de colesterol y producto de ello pueden desarrollar enfermedades como diabetes, hipertensión arterial y en época del Covid-19, se convierten en vulnerables.|2020-09-24||Emprendimiento|procesamiento de carne, alimentaria, economía, embutidos de cuy, nutrición|Proyecto|INNICIA|13
Concurso de Ordinarización para Docentes Investigadores a Tiempo Completo en la UCSM|"
El concurso se refiere al proceso de selección para ingresar a la docencia como Docente Investigador a tiempo completo en la Universidad Católica de Santa María (UCSM). Los candidatos deben ser ciudadanos peruanos en ejercicio o extranjeros residentes y cumplir con requisitos como poseer títulos académicos de Maestro y/o Doctor, contar con experiencia docente e investigadora, tener publicaciones científicas, mantener una buena salud mental y física, y carecer de antecedentes penales. El proceso consta de dos etapas: evaluación de méritos y una disertación oral sobre temas relacionados con su área de investigación. Un comité de evaluación califica a los candidatos y emite un ranking final, determinando quiénes son admitidos como Docentes Investigadores ordinarios en la UCSM. Los candidatos que no superen este proceso solo pueden intentarlo una vez más antes de ser retirados de la institución."|2023-02-09|2023-03-06|Docencia|"Ingreso a la docencia, Docente Investigador, UCSM, Evaluación de méritos, Disertación oral, Calidad académica

"|Evento|UCSM|14
Effect 5.0|Emprendimiento enfocado a desarrollar una bebida con alto valor nutridicional para acompañar a los deportistas y personas que deseen una dieta saludable. Es decir elaboración y desarrollo de bebidas energéticas orgánizas a base de espirulina, maca, cafeína, principalmente|2022-07-14||Emprendimiento|Bebida, nutrición, deportista, energético|Proyecto|INNICIA|15
Webinar: Como identificar revistas predatorias y los riesgos de publicar en ellas|En los últimos años, la comunicación científica ha experimentado cambios significativos y junto con ellos, las revistas predatorias han surgido como resultado de varios factores, incluyendo la presión para publicar y tener impacto, el impulso de la ciencia abierta y la participación de nuevos actores en la industria editorial.|2023-07-15||Investigación|Comunicación Científica, Revistas Predatorias, Publicación Académica, Ciencia Abierta, Ética Editorial|Evento|UCSM|16
Laboratorio de Emprendimiento|Registra tu startup con el respaldo de la incubadora de empresa INNICIA a nuestro proceso de selección y fortalecimiento para la postulación a la convocatoria Startup Perú 9G y pasa directamente a la evaluación de Comité Técnico, puedes acceder a nuestros talleres de preparación con fondos no reembolsables del Ministerio de la Producción que inician a partir del Lunes 9 de enero de 2023, el registro para la postulación con respaldo estará abierto hasta el viernes 20 de enero de 2023.|2023-01-20||Emprendimiento|Registra, Startup, Incubadora de empresa, INNICIA, Proceso de selección, Fortalecimiento, Postulación, Convocatoria, Startup Perú 9G, Comité Técnico, Talleres de preparación, Fondos no reembolsables, Ministerio de la Producción, Registro, Respaldado|Evento|INNICIA|17
Fondo e incentivo a la formación de: Semilleros de Investigación|"El Vicerrectorado de Investigación de la Universidad Católica de Santa María convoca a estudiantes de pregrado que deseen desarrollar habilidades de investigación a participar en el concurso ""Semilleros de Investigación UCSM 2022"". Los objetivos incluyen fortalecer las áreas de investigación prioritarias, fomentar la participación de estudiantes en proyectos de investigación, desarrollar capacidades de investigación ética y análisis, y promover alianzas con instituciones de investigación. Los equipos de investigación deben estar compuestos por un docente mentor y estudiantes de pregrado, cumpliendo con ciertos requisitos. Los proyectos seleccionados recibirán financiamiento y apoyo para la divulgación de resultados"|2022-05-06|2022-06-13|Investigación|Investigación Científica, Universidad Católica de Santa María, Semilleros de Investigación, Desarrollo de Habilidades de Investigación, Financiamiento de Proyectos de Investigación, Divulgación de Resultados|Proyecto|UCSM|18
Startup|"¡Bienvenidos al emocionante mundo de la innovación y el espíritu empresarial! Nuestro concurso de emprendimiento es la plataforma perfecta para que los soñadores se conviertan en creadores y los creadores en empresarios exitosos. Si tienes una idea brillante, un proyecto innovador o una startup en ciernes, este es tu momento para brillar.

"|2023-01-20||Emprendimiento|Innovación, Emprendimiento, Ideas, Premios, Mentores, Inversionistas, Red de contactos, Capacitación, Creatividad, Éxito empresarial.|Evento|INNICIA|19
Call For Papers – Convocatoria de artículos para Véritas 2022|El Vicerrectorado de Investigación de la Universidad Católica de Santa María (UCSM) por medio de la Dirección de Transferencia Tecnológica y del Conocimiento, convoca al público en general a presentar a través del siguiente enlace y enviando sus manuscritos al correo otratec@ucsm.edu.pe. El manuscrito presentado será puesto a consideración del Comité Editor de la revista Véritas.|2022-05-03||Investigación y Desarrollo.|Investigación Científica|Proyecto|UCSM|20
Tripper|Tripper es una plataforma online interactiva donde podrán vivir la experiencia. Tripper permite tomar tours online, obtener aprendizaje de las culturas y brindar ayuda social y ecológica. Además, las empresas relacionadas al turismo como hoteles, restaurantes, etc, podrán ofrecer sus paquetes.|||emprendimiento|Tripper, Plataforma online, Experiencia, Tours online, Aprendizaje cultural, Ayuda social, Ayuda ecológica, Empresas de turismo, Hoteles, Restaurantes, Paquetes turísticos.|Proyecto|INNICIA|21
Talleres de diseño de Investigación para fondos concursables 2022-2|Talleres de diseño de Investigación para fondos concursables 2022-2|2022-08-06|2022-08-09|Investigación|Diseño de Investigación, Fondos Concursables, Talleres 2022-2, Desarrollo de Proyectos, Capacitación en Investigación|Evento|UCSM|22
Merakinv|Es un equipo multidisciplinario enfocado en resolver problemas de cualquier ámbito mediante soluciones innovadoras, que está dedicado a la construcción de sistemas de desinfección automática, comprometidos con la mejora continua de nuestro prototipo, enfocada en la satisfacción de nuestros clientes, ofreciéndoles una alternativa novedosa de desinfección para los hogares de las familias Arequipeñas.|||emprendimiento|Equipo multidisciplinario, Problemas, Soluciones innovadoras, Sistemas de desinfección automática, Mejora continua, Prototipo, Satisfacción del cliente, Alternativa novedosa, Desinfección, Hogares, Familias, Arequipeñas.|Proyecto|INNICIA|23
Wellcome|Es un paquete, con el que busca promover un turismo seguro, descentralizado al sector turismo y evitando aglomeraciones. Controlaremos mediante un dispositivo electrónico que se colocará en los establecimientos que adquieran el paquete Well Come.|||Emprendimiento|Paquete, Turismo seguro, Descentralizado, Sector turismo, Aglomeraciones, Dispositivo electrónico, Establecimientos, Paquete Well Come.|Proyecto|INNICIA|24
Curso de Postgrado en investigación e innovación en ingeniería|Curso de Postgrado en investigación e innovación en ingeniería que abordó estrategias de vigilancia y prospectiva tecnológica, ecosistemas de innovación y emprendimiento, la industria 4.0 y la relevancia de las publicaciones académicas. Explore las últimas tendencias en ingeniería y desarrolle habilidades esenciales para la investigación y la innovación.|2022-10-24|2022-10-26|Innovación|Postgrado, Vigilancia Tecnológica, Prospectiva Tecnológica, Ecosistemas de Innovación, Industria 4.0, Publicaciones Académicas, Investigación e Innovación|Evento|UCSM|25
Añaki Suysu|Es un bioreactor industrial que elimina olores fétidos de la industria pesquera, ya que utiliza las bacterias Bacillus thuringiensis que degradan trimetilamino (causante del mal olor) transformándolo en componentes simples como es Agua, CO2 ofreciendo eficiencia de eliminación de este mal olor entre 89-100%.|||Emprendimiento|Bioreactor industrial, Elimina olores fétidos, Industria pesquera, Bacterias Bacillus thuringiensis, Trimetilamina, Mal olor, Agua, CO2, Eficiencia, Eliminación.|Proyecto|INNICIA|26
FIT|Es una empresa que se encarga de desarrollar maquinaria la cual reduce y extermina el 100% de los gases tóxicos y contaminantes en el proceso de producción de harina de pescado aplicando un control PID siendo efectivo en su totalidad y creando una maquina con polipropileno para su gran soporte técnico y atmosférico|||Emprendimiento|Empresa, Desarrollo, Maquinaria, Reducción, Exterminación, Gases tóxicos, Contaminantes, Producción, Harina de pescado, Control PID, Efectivo, Polipropileno, Soporte técnico, Atmosférico.|Proyecto|INNICIA|27
Crokis|Crokis es una plataforma digital para la difusión efectiva y promoción de todos los servicios involucrados en el sector turismo en busca de la reactivación económica a través de mapas inteligentes y colaborativos.|||Emprendimiento|"Crokis, Plataforma digital, Difusión, Promoción, Servicios, Sector turismo, Reactivación económica, Mapas inteligentes, Colaborativos.




"|Proyecto|INNICIA|28
Gajob|El manejo de la oferta y demanda de los puestos laborales para alumnos/exalumnos para instituciones educativas. No se logra un alcance y realidad actual. Propuesta una herramienta tecnológica basada en una plataforma web que permita a las instituciones lograr administrar y realizar seguimiento de sus alumnos/exalumnos con respecto a ofertas laborales o puestos que desempeñan actualmente.|||Emprendimiento|Manejo, Oferta y demanda, Puestos laborales, Alumnos, Exalumnos, Instituciones educativas, Herramienta tecnológica, Plataforma web, Administrar, Seguimiento, Ofertas laborales, Puestos actuales.|Proyecto|INNICIA|29
"Vision Ccal
"|Emprendimiento enfocado a utilizar inteligencia artificial y reconocimiento de imágenes para ubicar errores dentro de la selección de cuero Wet Blue, propuesta para empresas y microempresas del sector curtiembre.|||Emprendimiento|Emprendimiento, Inteligencia artificial, Reconocimiento de imágenes, Errores, Selección, Cuero Wet Blue, Propuesta, Empresas, Microempresas, Sector curtiembre.|Proyecto|INNICIA|30
"3D Odonto Learning
"|Pacientes odontológicos impresos 3D con software de apoyo multimedia para el aprendizaje.|||Emprendimiento|Odontología, 3D, software, multimedia, aprendizaje|Proyecto|INNICIA|31
Biocyanotech|Buscamos desarrollar un producto enriquecido con un alga especifica de la región alto andina de Perú llamado “Cushuro” que posee elevada disponibilidad de nutrientes, en especial gran contenido de Hierro, para ayudar a niños entre 2 a 10 años a prevenir cuadros de anemia, debido al déficit de consumo de alimentos nutritivos y alta ingesta de azucares refinados. Utilizando biotecnología para cultivar en condiciones controladas, se busca producirlo de forma inocua, así como duplicar su producción.|||Emprendimiento|"Producto enriquecido, Alga Cushuro, Región alto andina, Perú, Nutrientes, Hierro, Niños, Prevención, Anemia, Consumo de alimentos nutritivos, Ingesta de azúcares refinados, Biotecnología, Cultivar, Condiciones controladas, Producción inocua, Duplicar producción.




"|Proyecto|INNICIA|32
Valorización del Iodo residual generado en el proceso de depuración de aguas en la Región Sur de Perú (Arequipa) para la remoción y/o degradación de toxicidad en contaminantes acuosos|En este estudio, se investigó la depuración parcial de aguas residuales industriales altamente contaminadas con Cromo (III) y (VI) en el parque industrial de Río Seco, Arequipa, utilizando microorganismos bacterianos nativos. Se aislaron y caracterizaron seis cepas bacterianas y se adaptaron a concentraciones elevadas de cromo. Se logró una depuración de hasta el 89% de Cr (III) y cromo total, especialmente con la cepa Corynebacterium aquaticus. También se redujo la contaminación de plomo, cadmio y otros parámetros físico-químicos. Este enfoque biotecnológico demostró ser eficiente y de bajo consumo energético para tratar aguas residuales industriales altamente contaminadas. Palabras clave: Depuración, Cromo, Microorganismos, Aguas Residuales, Biotecnología. Categoría: Tratamiento de Aguas Residuales.|||Investigación|Depuración, Cromo, Microorganismos, Aguas Residuales, Biotecnología|Proyecto|UCSM|33
"E-Orurejuv
"|"Buscamos darle utilidad al orujo de uva, un producto residuo de la industria vinícola peruana, ya que para los agricultores ya no cuenta con utilidad, pero esta misma cuenta con mucho antioxidantes aceites y vitaminas, incluso tiene propiedades para proteger del sol, tanto para los rayos UV y como las quemaduras solares, de esta manera buscamos hacer un producto enocosmetico.

"|||Emprendimiento|"Orujo de uva, Residuo, Industria vinícola, Agricultores, Antioxidantes, Aceites, Vitaminas, Protección solar, Rayos UV, Quemaduras solares, Producto enocosmético.




"|Proyecto|INNICIA|34
"Govlink
"|"Un alimento alternativo a base de harina de larva de Hermetia illucens como suplemento alimenticio en la dieta de animales menores como cuyes.

"|||Emprendimiento|"Alimento alternativo, Harina de larva, Hermetia illucens, Suplemento alimenticio, Dieta, Animales menores, Cuyes.




"|Proyecto|INNICIA|35
"Héroes del Destino
"|"Héroes del Destino es un juego de estrategia y azar, en el cuál pondrás a prueba tus habilidades y tu suerte. Mediante una serie de historias, podrás elegir tu equipo de batalla y así enfrentarte a tus adversarios.

"|||Emprendimiento|Héroes del Destino, Juego, Estrategia, Azar, Habilidades, Suerte, Historias, Equipo de batalla, Adversarios.|Proyecto|INNICIA|36
Mejora de la eficiencia del proceso de lavado de granos de quinua por hidrocavitación, recuperación por tecnología de membranas y valorización de saponina en un contexto de una economía circular|Mejora de la eficiencia del proceso de lavado de granos de quinua por hidrocavitación, recuperación por tecnología de membranas y valorización de saponina en un contexto de una economía circular|||Tecnología|Quinua, Hidrocavitación, Tecnología de Membranas, Economía Circular, Eficiencia de Proceso, Saponina, Valorización, Agricultura Sostenible.|Proyecto|UCSM|37
"Insectfood
"|"Héroes del Destino es un juego de estrategia y azar, en el cuál pondrás a prueba tus habilidades y tu suerte. Mediante una serie de historias, podrás elegir tu equipo de batalla y así enfrentarte a tus adversarios.

"|||Emprendimiento|"Héroes del Destino, juego, estrategia, azar, habilidades, suerte, historias, equipo de batalla, adversarios.





"|Proyecto|INNICIA|38
Kolmena|"Somos una solución tecnológica e innovadora que busca transformar y digitalizar los condominios en Latinoamérica agilizando la gestión interna, la administración de las finanzas y la reserva de áreas comunes con el objetivo de mejorar la calidad de vida y comunicación entre vecinos.

"|||Emprendimiento|Solución tecnológica, Innovadora, Condominios, Latinoamérica, Gestión interna, Administración, Finanzas, Reserva, Áreas comunes, Calidad de vida, Comunicación, Vecinos.|Proyecto|INNICIA|39
"MindTerr
"|"Nosotras construimos sistemas sostenibles que limpian el agua, mediante biotecnología. El producto que ofrecemos en esta oportunidad, es un sistema llamado CoreandoAgua, este permite obtener agua de excelente calidad, para que los agricultores pueden regar sus campos de cultivo con agua limpia. Además, esto trae consigo que sus cosechas mejoren su calidad, que se usen menos insecticidas y fertilizantes por el aumento de servicios ecosistémicos que genera el sistema y que se llegue a una economía circular ya que, a partir del sistema, se generan plantas y algas que son materia prima para la producción de fibra y combustible. 

"|||Emprendimiento|"Sistemas sostenibles, Limpieza de agua, Biotecnología, Producto, CoreandoAgua, Calidad del agua, Agricultores, Riego, Cosechas, Insecticidas, Fertilizantes, Servicios ecosistémicos, Economía circular, Plantas, Algas, Materia prima, Fibra, Combustible.




"|Proyecto|INNICIA|40
Nero|"NERO es una aplicación que ofrece alimentos de calidad a bajos precios de establecimientos de comida que tengan sobre producción y poca rotación.
Con la finalidad de reducir desechos, ayudar a las empresas a minimizar sus pérdidas y ofrecer a los clientes comida de calidad y con grandes descuentos."|||Emprendimiento|NERO, Aplicación, Alimentos de calidad, Bajos precios, Establecimientos de comida, Sobreproducción, Poca rotación, Reducir desechos, Empresas, Pérdidas, Clientes, Descuentos.|Proyecto|INNICIA|41
Nutrix|"NUTRIX es una empresa comprometida con la salud alimentaria de las personas, nuestro producto Lemna Plus, es un complemento alimenticio que contiene proteínas vegetales, altos niveles de hierro, vitamina B12, omega 3, zinc, potasio y ácido fólico. Todo esto le da un alto potencial alimenticio, sin mencionar su facilidad de producción. Con estas características estamos comprometidos con el ambiente, la salud de las personas y somos accesibles para todo grupo económico.

"|||Emprendimiento|"NUTRIX, Empresa, Salud alimentaria, Producto, Lemna Plus, Complemento alimenticio, Proteínas vegetales, Hierro, Vitamina B12, Omega 3, Zinc, Potasio, Ácido fólico, Potencial alimenticio, Producción, Compromiso, Ambiente, Accesible, Grupo económico.




"|Proyecto|INNICIA|42
"Panqara Lab
"|"Viendo la necesidad de un sector poco desarrollado a nivel nacional es que implementamos un pequeño laboratorio para la producción de diferentes cultivos a nivel laboratorio y así reducir el uso de agroquímicos, los costos de producción, el tiempo de producción, además de mejorar la calidad de los mismos.

"|||Emprendimiento|"Necesidad, Sector poco desarrollado, Implementamos, Pequeño laboratorio, Producción, Cultivos, Agroquímicos, Costos de producción, Tiempo de producción, Calidad.




"|Proyecto|INNICIA|43
"Selvasato
"|"Somos un emprendimiento basado en la producción de bebidas alcohólicas artesanales basadas en productos naturales de la selva peruana con propiedades alimenticias que agregan valor nutricional al consumo.

"|||Emprendimiento|"Emprendimiento, Bebidas alcohólicas artesanales, Productos naturales, Selva peruana, Propiedades alimenticias, Valor nutricional, Consumo.




"|Proyecto|INNICIA|44
Nanayá|"Es un servicio de cuidado de bebes y niños por horas brindando a domicilio a toda la ciudad de Arequipa. Brinda el servicio 24 horas del día, los 7 días de la semana. Un equipo de control de Psicólogos se encarga de monitorear y garantizar cada hora de cuidado que es brindado por nuestras nanas, así nos aseguramos que tus hijos estén seguros y ustedes tranquilos

"|||Emprendimiento|"Servicio de cuidado, Bebés, Niños, Por horas, Domicilio, Ciudad de Arequipa, 24 horas al día, 7 días a la semana, Equipo de control, Psicólogos, Monitorear, Garantizar, Nanas, Seguridad, Tranquilidad.




"|Proyecto|INNICIA|45
"Cognita Conecta
"|"Plataforma y Web app encargada de conectar estudiantes con tutores que puedan ayudarlos a resolver sus dudas y/o dar clases particulares de algún curso en específico de la UCSM

"|||Emprendimiento|"Plataforma, Web app, Conectar, Estudiantes, Tutores, Resolver dudas, Clases particulares, Curso específico, UCSM.




"|Proyecto|INNICIA|46
"Scentinet Community
"|"Conectamos a tesistas, investigadores y profesionales con proveedores de información científica y tecnológica. Ayudamos a las personas a conectarse para que juntos puedan reducir las brechas de su conocimiento científico y tecnológico con el objetivo de descubrir mejores oportunidades para innovar en su entorno

"|||Emprendimiento|"Conectar, Tesistas, Investigadores, Profesionales, Proveedores de información científica y tecnológica, Brechas de conocimiento, Conocimiento científico, Conocimiento tecnológico, Oportunidades, Innovar.




"|Proyecto|INNICIA|47
"Ez Control
"|"Taller de desarrollo de hardware y software, brindamos servicio completamente personalizados a las personas que tengas una idea de un producto que requiera prototipo con la más alta calidad y velocidad de desarrollo que el mercado requiere para poder crear productos tecnológicos.
"|||Emprendimiento|"Taller, Desarrollo de hardware, Desarrollo de software, Servicio personalizado, Idea de producto, Prototipo, Alta calidad, Velocidad de desarrollo, Productos tecnológicos, Mercado.




"|Proyecto|INNICIA|48
"Le Qara
"|"Le Qara es una startup biotecnológica que nace para dar solución a los problemas de la industria de la moda, disrumpiendo los procesos tradicionales con biomateriales sustentables.

"|||Emprendimiento|"Le Qara, Startup, Biotecnológica, Industria de la moda, Biomateriales sustentables, Solución, Procesos tradicionales, Disrupción.




"|Proyecto|INNICIA|49
TECNOLOGIAS Y PLATAFORMAS EMERGENTES PARA COMPUTACION NEUROMORFICA EN ESPACIO|El proyecto NEUROSPACEWARE se enfoca en la revolucionaria tecnología del hardware neuromórfico de tercera generación, inspirada en el cerebro, con gran eficiencia energética y resistencia a fallos, especialmente prometedora para aplicaciones espaciales. A pesar de su potencial, se enfrenta a desafíos en eficiencia y algoritmos. El proyecto busca soluciones innovadoras utilizando tecnologías emergentes y FPGAs, considerando las restricciones espaciales. Sus objetivos incluyen desarrollar y validar hardware neuromórfico, evaluar efectos de radiación, explorar nuevas arquitecturas digitales y crear una plataforma basada en FPGA. NEUROSPACEWARE busca impulsar la computación neuromórfica y el hardware espacial. Palabras clave: Hardware Neuromórfico, Eficiencia Energética, Tecnologías Emergentes, FPGAs, Aplicaciones Espaciales. Categoría: Tecnología Espacial y Computación Neuromórfica.|2023-09-01|2027-08-31|Tecnología|Hardware Neuromórfico, Tercera Generación de Redes Neuronales, Eficiencia Energética, Tecnologías Emergentes, FPGAs, Computación Inspirada en el Cerebro, Aplicaciones Espaciales, Radiación, Modelos Neuronales y Sinápticos|Proyecto|UPC|50
Análisis multiescala de laminados compuestos mediante elementos degenerados para el diseño computacional de materiales de altas prestaciones|En este trabajo se propone una metodología para el estudio de transiciones entre laminados en estructuras planas de material compuesto. la técnica desarrollada se basa en los análisis multi-escala para desarrollar un procedimiento multi-modelo. con ésta, se trabaja con un macro y un micro modelo, como hace un multi-escala, pero éstos modelos no respetan la condición de periodicidad y la diferenciación en el tamaño de escala, entre ambos modelos. este nuevo enfoque tiene como objetivo principal el estudio de grandes estructuras geométricamente planas que debido a su complejidad no puedan ser simuladas con elementos superficiales. y que, debido a su tamaño, su análisis mediante elementos sólidos sea extremadamente costoso. en el mundo naval este tipo de estructuras es muy común, ya que tanto los cascos como las cubiertas son el resultado de la unión de numerosas superficies lisas que podrían ser discretizadas en elementos lámina.|2023-09-01|2025-08-31|Ingeniería|Metodología, Análisis Multi-escala, Procedimiento Multi-modelo, Estructuras Planas, Material Compuesto, Elementos Superficiales, Elementos Lámina, Transiciones entre Laminados, Modelos Geométricos|Proyecto|UPC|51
Métodos de evaluación y refuerzo avanzados para una rehabilitación sísmica de estructuras de hormigón armado|Métodos de evaluación y refuerzo avanzados para una rehabilitación sísmica de estructuras de hormigón armado|2023-09-01|2025-08-31|Tecnología|Tecnología, Ingeniería Civil, Refuerzo Estructural, Evaluación Sísmica, Rehabilitación de Estructuras, Construcción, Ingeniería Estructural|Proyecto|UPC|52
Estrategias de evaluación e intervención para la regeneración urbana y la mitigación de la pobreza energética en Barcelona y Bilbao.|Estrategias de evaluación e intervención para la regeneración urbana y la mitigación de la pobreza energética en Barcelona y Bilbao.|2023-09-01|2026-08-31|Urbanismo|"Regeneración Urbana, Pobreza Energética, Estrategias de Evaluación, Intervención, Barcelona, Bilbao, Desarrollo Urbano, Sostenibilidad Urbana, Políticas Urbanas.




"|Proyecto|UPC|53
Técnicas basadas en datos para mejorar la calidad de la información en redes de nodos IoT|El proyecto DIDEROT se enfoca en mejorar la precisión de los datos captados por dispositivos IoT de bajo costo mediante técnicas basadas en datos. Busca optimizar la calidad de los datos mientras reduce los costos de operación de redes de monitorización en diversas áreas. Se basa en datos experimentales y en la creación de redes de monitorización propias. Los resultados se publican abiertamente, contribuyendo a la ciencia abierta. Además, se busca transferir tecnología a empresas e instituciones y formar a nuevos investigadores. El proyecto aborda desafíos en la calidad de datos, la eficiencia energética y la colocación de sensores en modelos físicos, con aplicaciones en calidad del aire y otros campos.|2023-09-01|2026-08-31|Tecnología| IoT, Datos, Redes, Sensores, Investigación, Calidad, ML&AI|Proyecto|UPC|54
Cargador de a bordo altamente integrado y bidireccional basado en dispositivos GaN para vehículos eléctricos urbanos|Cargador de a bordo altamente integrado y bidireccional basado en dispositivos GaN para vehículos eléctricos urbanos|2023-09-01|2026-08-31|Tecnología|Tecnología, Vehículos eléctricos, Cargadores, Dispositivos GaN, Movilidad urbana|Proyecto|UPC|55
Hidrogeles autoensamblados con nanopartículas dirigidos a múltiples factores de cronicidad en heridas|Hidrogeles autoensamblados con nanopartículas dirigidos a múltiples factores de cronicidad en heridas|2023-09-01|2023-09-01|Salud|"Hidrogeles, Nanopartículas, Heridas, Cronicidad, Tratamiento médico




"|Proyecto|UPC|56
Red Temática de Matemática Discreta y Algorítmica|La matemática discreta es un àrea de las matemàticas que estudia estructuras combinatorias y geométricas discretas, particularmente grafos, geometrías finitas, estructuras geométricas discretas y aspectos combinatorios de estructuras algebraicas y de la teoría de números. De forma natural los aspectos algorítmicos tienen una relevancia particular en el área, en particular por la estrecha conexión de la matemática discreta con la informática. Tanto por los métodos, de naturaleza analítica, topológica, algebraica, geométrica y probabilística, como por sus significativas aplicaciones a la teoría de la computación, la teoría de la información, la teoría de códigos, la estadística, la física estadística, la biologia y las ciencias sociales, con las que mantiene una intensa interacción, la matemática discreta es un área genuinamente interdisciplinar, tanto en las matemáticas como en las ciencias y la tecnología. El objetivo de la red de matemática discreta y algorítmica es la de coordinar los grupos de investigación y promover las actividades del área en España, promover su visibilidad internacional, establecer contactos con organizaciones similares a nivel internacional, promover la difusión y divulgación de la matemática discreta y algorítmica tanto a nivel científico como en medios de comunicación y redes sociales, promover actuaciones para la formación de jóvenes investigadores y promover y fomentar la participación de la mujer en el área.|2023-06-01|2025-05-31|Matemática|Matemática Discreta, Teoría de Grafos, Geometría Discreta, Geometría Computacional, Combinatoria Analítica, Combinatoria Algebraica, Teoría de Números, Estructuras Aleatorias Discretas, Teoría Combinatoria de Grupos, Semigrupos Numéricos, Discrete Mathematics, Graph Theory, Discrete Geometry, Computational Geometry, Analytic Combinatorics, Algebraic Combinatorics, Combinatorial Number Theory, Random Discrete Structures, Combinatorial Group Theory, Numerical Semigroups|Proyecto|UPC|57
Red Española de Investigación en tecnologías TIC aplicadas a las ciencias del deporte y la salud.|AYUDAS PARA LA CREACIÓN DE REDES DE INVESTIGACIÓN EN CIENCIAS DEL DEPORTE|2023-01-01|2023-11-15|Deporte|Investigación en Deporte, Ciencias del Deporte, Ayudas Deportivas, Convocatoria de Investigación, Consejo Superior de Deportes, Resolución Provisional|Proyecto|UPC|58
Producción de proteínas para alimentación a partir de subproductos del sector agroalimentario mediante el cultivo de microalgas|"El proyecto de la Universidad Politécnica de Cataluña (UPC) se enfoca en la producción de proteínas a partir de subproductos del sector agroalimentario utilizando el cultivo de microalgas. Este proyecto se inscribe en la iniciativa más amplia de economía circular y bioeconomía, buscando remediar subproductos agroalimentarios y convertirlos en un recurso valioso. La investigación se centra en el uso de efluentes de agua dulce, como los de la industria de bebidas y el drenaje de cultivos hidropónicos, como medio de cultivo para microalgas ricas en proteínas. Se evaluará la viabilidad de este proceso a nivel de laboratorio, considerando cepas de microalgas, condiciones de cultivo y análisis de sostenibilidad. El objetivo es cerrar el ciclo agroalimentario mediante una producción sostenible de proteínas a partir de microalgas.




"|2023-09-01|2026-08-31|Ciencias|Microalgas, Proteínas, Economía Circular, Bioeconomía, Agricultura Sostenible, Subproductos Agroalimentarios, Sostenibilidad, Industria Alimentaria.|Proyecto|UPC|59
Semiconductores, en el corazón de la tecnología|La Universitat Politècnica de Catalunya - BarcelonaTech (UPC) lidera el ecosistema de semiconductores en Cataluña, que cuenta con alrededor de 100 empresas y 4,400 profesionales. Empresas como Cisco, Monolithic Power Systems y Intel han establecido centros de diseño de microchips en Barcelona, y se esperan más inversiones extranjeras. La UPC, junto con el Barcelona Supercomputing Center y el Instituto de Ciencias Fotónicas, forma parte de la Alianza de Semiconductores y Chips de Cataluña, una iniciativa público-privada para impulsar la industria de los chips. Además, colabora estrechamente con empresas como QORVO, que ha establecido una sede en el campus para fomentar la investigación y la colaboración tecnológica.|2023-09-05||Tecnología|Semiconductores, Tecnología, Innovación, Universidad Politécnica de Catalunya, Barcelona, Investigación, Industria Tecnológica, Alianza Público-Privada, Empresas de Tecnología, Desarrollo Tecnológico, Inversión Extranjera.|Proyecto|UPC|60
Indie Games TRS|18 ponencias de profesionales del sector de los videojuegos, exposiciones, encuentros de 'networking', una 'game jam' y un simposio en el que se presentarán trabajos científicos en torno a los videojuegos. Éstas son algunas de las actividades programadas en el congreso 'Indie Games TRS', que el Ayuntamiento de Terrassa y el Centro de la Imagen y la Tecnología Multimedia (CITM) de la UPC organizan el 27 de octubre en esta ciudad.|2023-09-26|2023-09-26|Tecnología|Indie Games TRS, videojuegos, profesionales, Terrassa, Ayuntamiento, CITM UPC, congreso, networking, game jam, simposio, trabajos científicos|Evento|UPC|61
Cátedra de formación y nuevas tecnologías para una agricultura sostenible|La Universitat Politècnica de Catalunya - BarcelonaTech (UPC) y Syngenta colaboran desde hace más de 15 años en la transferencia de conocimiento y formación en tecnologías agrícolas para optimizar el uso seguro de insumos en la agricultura. La Cátedra Syngenta, dirigida por el profesor Emilio Gil, se enfoca en la innovación, desarrollo, formación y transferencia de conocimiento para mejorar la sostenibilidad y seguridad alimentaria a través de la agricultura de precisión y la transformación digital. Las actividades incluyen formación, desarrollo de tecnologías de aplicación y promoción de sistemas de aplicación variable en viñedos. Además, se ofrecen oportunidades de prácticas y un premio académico.|2023-09-27|2023-09-27|Tecnología|Agricultura de precisión, Syngenta, UPC, Transformación digital, Sostenibilidad, Innovación agrícola|Evento|UPC|62
ESAB - Foro BioEnginy|El Foro BioEnginy es un evento abierto que se celebra el 24 de abril, organizado por los estudiantes de la Escuela Superior de Agricultura de Barcelona (ESAB) de la Universitat Politècnica de Catalunya en colaboración con UPC Alumni y el Colegio de Ingenieros Técnicos Agrícolas y Forestales de Cataluña. Durante toda la jornada, las empresas e instituciones ligadas a la ESAB entrarán en contacto con el estudiantado de los grados en ingeniería y de los másteres de la Universitat Politècnica de Catalunya en la rama de Ingeniería de Biosistemas y Agroalimentaria.|2019-04-24|2019-04-24|Foro|Evento, Educación, Ingeniería, Agricultura, Universitat Politècnica de Catalunya|Evento|UPC|63
ACE - III Congreso de Consultores de Estructuras|El III Congreso de Consultores de Estructuras, organizado por la ACE (Asociación de Consultores de Estructuras), es un evento destacado en el campo de la ingeniería civil y la arquitectura. Su objetivo principal es dignificar la profesión de consultor de estructuras y revitalizar el sector después de la crisis. El congreso reunió a expertos nacionales en diseño, cálculo y construcción de estructuras, ofreciendo conferencias sobre temas innovadores. Participar en este evento proporcionó a los asistentes, incluyendo a TAIDO, una oportunidad para adquirir nuevos conocimientos y avanzar en sus servicios de consultoría de estructuras. La ACE logró un gran éxito tanto en la organización como en la calidad de las ponencias.|2019-04-03|2019-04-05|Ingeniería|Consultores de Estructuras, Ingeniería Civil, Arquitectura, ACE, Profesión, Sector, Conferencias, Conocimientos, Servicios de Consultoría, Reactivación|Evento|UPC|64
Chapter China - Encuentro de Networking|El próximo 31 de marzo a las 16:00h, Tendrá lugar un nuevo encuentro de networking del Chapter China, en la Universidad de Tongii, Shanghai. El próximo 31 de marzo a las 16:00h, Tendrá lugar un nuevo encuentro de networking del Chapter China, en la Universidad de Tongii, Shanghai.|2019-03-31|2019-03-31|Networking|Networking, Capítulo, Universidad, Evento.|Evento|UPC|65
WEBINAR - Supera la entrevista de trabajo presencial y en línea|La entrevista de trabajo es la principal herramienta de selección de una empresa. Infórmate sobre el contenido de las entrevistas de selección y las preguntas típicas que siempre te debes preparar. Mejora tus habilidades para realizar la entrevista en línea o telefónica.|2020-12-17|2020-12-17|Empleo|Webinar, Entrevista de trabajo, Selección de personal, Habilidades, Entrevista en línea, Entrevista telefónica|Evento|UPC|66
WEBINAR - LinkedIn: Optimiza tu networking|LinkedIn es la red líder de networking profesional. Ya tienes tu perfil activado en esta red; pero, ¿lo utilizas? Identifica cómo puedes mejorar tu perfil, descubre las posibilidades que ofrece esta red e intégrala en tu estrategia digital.|2020-12-16|2020-12-16|Empleo|LinkedIn, Redes Sociales, Networking, Estrategia Digital, Perfil Profesional|Evento|UPC|67
WEBINAR - La técnica DAFO aplicada al autoconocimiento|Has empezado a buscar trabajo y quieres saber cuál es tu valor profesional. Tienes dudas sobre tus objetivos a medio plazo, incluso sobre los valores que una empresa puede ver en ti. Práctica esta reflexión acompañado de un experto, para descubrirte a tú mismo y ganar autoconfianza.|2020-12-15|2020-12-15|Empleo|Autoconocimiento, Empleo, DAFO, Reflexión Personal, Autoconfianza|Evento|UPC|68
WEBINAR - Pon a punto tu currículum|¿Sabes cómo se diseña un currículum atractivo que muestre tu potencial? Un buen CV te ayudará a presentar ante las empresas tu objetivo profesional y llegar a las ofertas que más te interesan proyectando tu mejor imagen. Refuerza tu marca personal para mejorar la visibilidad de tu CV.|2020-12-14|2020-12-14|Empleo|Currículum, Marca Personal, Empleabilidad, Búsqueda de Empleo, Mejora Profesional|Evento|UPC|69
WEBINAR - Mejora tus habilidades de comunicación|Descubre las principales características de un buen comunicador. Identifica los factores que distorsionan el proceso de comunicación interpersonal. Analiza tu propio estilo comunicativo para incrementar tus recursos cuando comuniques.|2020-11-26|2020-11-26|Comunicación|Comunicación Interpersonal, Habilidades de Comunicación, Comunicador, Comunicación Efectiva, Mejora de Comunicación|Evento|UPC|70
WEBINAR - Normativa labora básica|Una vez superado el proceso de selección: ¿sabes qué tipos de contratos te pueden ofrecer? ¿Sabes interpretar tu nómina? ¿Conoces la diferencia entre el sueldo bruto y el sueldo neto? En esta actividad aprenderás cuáles son los contratos que más utilizan las empresas y obtendrás recursos para navegar con seguridad en el mundo de las relaciones laborales.|2020-11-25|2020-11-25|Empleo|rabajo, Empleo, Recursos Laborales, Contratos, Nómina|Evento|UPC|71
ETSEIB Alumni- Programa de mentoría E2e (primera edición)|El programa E2e ofrece la oportunidad a estudiantes de la ETSEIB con menos de 4 años de experiencia o próximos a graduarse de ser mentoreados por ingenieros experimentados en sus campos. A través de esta colaboración, los mentores brindan orientación y apoyo tanto académico como profesional. Los interesados pueden inscribirse como mentorados o mentores, con plazos de inscripción hasta el 25 de noviembre. La selección se anunciará el 14 de diciembre. Esta iniciativa busca empoderar a jóvenes ingenieros y fortalecer sus habilidades y crecimiento personal y profesional en un entorno académico y empresarial.|2020-11-25|2020-12-14|Empleo|Mentoría, Desarrollo Profesional, Ingeniería, ETSEIB, Estudiantes, Mentor, Mentorado, Empoderamiento, Carrera Profesional|Evento|UPC|72
ETSEIB - Fórum ETSEIB 2020|Los días 25 y 26 de noviembre de 2020 se celebra el Fórum ETSEIB, una de las ferias de empleo con más historia en la UPC y referencia en el entorno académico de los estudiantes de ingeniería. Este fórum, organizado por los estudiantes de la Escuela, tiene como principal objetivo acercar el mundo empresarial a los estudiantes de ingeniería para potenciar la captación de talento. Más de 50 empresas participarán durante los dos días, realizando entrevistas, conferencias y workshops, entre otras actividades, además de disponer de sus correspondientes estands.|2020-11-25|2020-11-26|Empleo|ETSEIB, Fórum ETSEIB, Feria de Empleo, Ingeniería, Captación de Talento, Estudiantes, Entrevistas, Conferencias, Talleres, Empresas, UPC.|Evento|UPC|73
WEBINAR - Crea tu portfolio profesional y abre tu perfil on line|El portfolio muestra tus habilidades y competencias de forma muy evidente y gráfica. Es una herramienta de investigación de trabajo necesario para la mayoría de puestos de trabajo en estudios de arquitectura, diseño, etc. A menudo algunos profesionales necesitan también de una página web personal, donde esté el CV, el portfolio y otros elementos gráficos. Sabes por donde empezar? Qué estrategias de marketing hay que tener presentes? Este taller está especialmente dirigido a estudiantes de ramas de diseño, arquitectura, imagen, etc. pero es abierto a cualquier persona interesada.|2020-11-24|2020-11-24|Empleo|Webinar, Portfolio Profesional, Perfil en Línea, Habilidades, Competencias, Estudios de Arquitectura, Diseño, Estrategias de Marketing, Estudiantes, Carrera Profesional|Evento|UPC|74
Dimensiones del síndrome de burnout y estrategias de afrontamiento en trabajadores de una empresa multinacional en la ciudad de Guatemala|Este estudio exploró el síndrome de burnout y las estrategias de afrontamiento en trabajadores de una empresa multinacional en Guatemala. Se observó que los empleados que experimentaban altos niveles de burnout tendían a utilizar más la estrategia de reacción agresiva para enfrentar el estrés laboral. Por otro lado, la estrategia de reevaluación positiva se asoció con niveles más bajos de burnout, específicamente en la dimensión de realización personal en el trabajo. Estos hallazgos resaltan la importancia de identificar y abordar el burnout en el entorno laboral, así como fomentar estrategias de afrontamiento saludables para mejorar la calidad de vida de los trabajadores.|2022-07-21|2022-07-21|Salud|Salud laboral, estrés laboral, burnout, afrontamiento, trabajadores, empresa, Guatemala.|Proyecto|USAC|75
Congreso Nacional de Cambio Climático Quetzaltenango, Guatemala|"El Congreso Nacional de Cambio Climático de Guatemala es una iniciativa que se lleva a cabo cada dos años con el objetivo de reunir a expertos, investigadores, representantes gubernamentales y de la sociedad civil para discutir y compartir experiencias sobre el cambio climático en el país y en la región.

El 1er Congreso Nacional de Cambio Climático fue una iniciativa de REDFIA (Red de Formación e Investigación Ambiental), integrada por los centros de investigación del tema ambiental de las diferentes universidades del país y el Ministerio de Ambiente y Recursos Naturales (MARN), mediante la coordinación del Instituto Privado de Investigación Sobre Cambio Climático (ICC)."|2023-09-11|2023-09-13|Medio Ambiente|Congreso Nacional, Cambio Climático, Guatemala, expertos, investigación, sociedad civil, medio ambiente, MARN.|Evento|USAC|76
Técnicas estadísticas utilizadas en la comparación de métodos cuantitativos de medición|El análisis comparativo de métodos cuantitativos de medición es crucial en campos como la salud y la ciencia. Este proceso implica evaluar si dos métodos diferentes arrojan resultados similares al medir una variable. Se debe realizar un muestreo adecuado y análisis de regresión para comprender la confiabilidad y concordancia entre los métodos, considerando errores proporcionales, constantes y aleatorios. Se recomiendan técnicas como el procedimiento de Bland y Altman, el coeficiente de correlación intraclase y al menos una técnica de regresión. Se desaconseja el uso del coeficiente de correlación de Pearson. Estos análisis proporcionan información valiosa sobre la reproducibilidad y comparabilidad de los métodos de medición.|2023-06-30|2023-06-30|Salud|comparación de métodos, medición cuantitativa, salud, análisis estadístico, confiabilidad, concordancia, reproducibilidad|Proyecto|USAC|77
Ensayo de toxicidad oral a dosis repetidas de 28 días de ivermectina, azitromicina y acetaminofén en ratones CD1|"
La automedicación con fármacos de venta libre durante la pandemia de Covid-19, incluyendo ivermectina, azitromicina y acetaminofén, se evaluó en ratones. Se encontraron efectos negativos en el peso, valores sanguíneos y daños en órganos como el hígado y el riñón. Estos resultados resaltan los riesgos de la automedicación repetida con estos fármacos y subrayan la importancia de ensayos clínicos para comprender mejor sus efectos en la salud humana."|2023-06-30|2023-06-30|Salud|"
Automedicación, COVID-19, efectos tóxicos, ensayo clínico, salud, modelo animal, ratones."|Proyecto|USAC|78
Problemas de olimpiadas de química basados en el contexto social hondureño|El uso de problemas de química basados en el contexto social puede ser un método muy efectivo para introducir contenidos a los estudiantes, ya que les permite involucrarse en temas relevantes que impactan en su entorno y despiertan su interés. Por esta razón, durante la Olimpiada Departamental de Química en Honduras, los profesores involucrados crearon problemas basados en el contexto social hondureño para observar cómo esto influía en la capacidad de los estudiantes para resolver problemas. Los autores demuestran los beneficios de incorporar problemas basados en el contexto basándose en evidencias científicas, así como en las respuestas de los estudiantes.|2023-06-30|2023-06-30|Social| problemas, olimpiadas de química, contexto social, resolución de problemas, estudiantes|Proyecto|USAC|79
Uso potencial de la especie vegetal Eichhornia crassipes del humedal artificial de la planta piloto Arturo Pazos|"El estudio evaluó el potencial de generación de biogás y la capacidad de eliminación de contaminantes de la Eichhornia crassipes en un humedal artificial. Se descubrió que esta planta tiene la capacidad de generar biogás, aunque el contenido de sólidos volátiles fue bajo, lo que sugiere la necesidad de co-digestión para mejorar la producción de biogás. Además, se demostró que la Eichhornia crassipes es altamente efectiva en la eliminación de contaminantes como DBO, DQO, turbidez y SST en aguas residuales, con reducciones superiores al 90%. Estos resultados destacan su potencial como una solución sostenible para el tratamiento de aguas residuales.




"|2023-06-27|2023-06-27|Medio Ambiente|Eichhornia crassipes, Humedal artificial, Biogás, Eliminación de contaminantes, Tratamiento sostenible de aguas residuales.|Proyecto|USAC|80
Análisis del uso de una aplicación móvil para reducir el agua potable no contabilizada|"Se llevó a cabo una investigación en una comunidad rural de Guatemala para evaluar una aplicación móvil diseñada para mejorar la lectura de contadores de agua potable. La aplicación permitió a 28 usuarios registrar los consumos y tiempos de lectura, y se compararon con el método manual tradicional. Se encontró una diferencia promedio de 1.50 segundos en el tiempo de lectura a favor de la aplicación móvil, y se observó una mayor precisión en el 82% de las lecturas realizadas con la aplicación. Estos resultados resaltan la eficiencia y precisión mejoradas que ofrece la tecnología móvil en la gestión del agua potable en áreas rurales.




"|2023-06-27|2023-06-27|Medio Ambiente|Aplicación móvil, Contadores de agua, Eficiencia, Gestión del agua, Comunidad rural, Tecnología de medición|Proyecto|USAC|81
Startups & Ventures “Capital para emprendedores”|"La convocatoria de ""Capital para Emprendedores"" está abierta a emprendimientos que muestren un alto potencial de crecimiento e innovación en cualquier sector. La oportunidad está dirigida a emprendedores ambiciosos que deseen llevar sus proyectos al siguiente nivel y estén en búsqueda de financiamiento estratégico. Deben ser emprendimientos legalmente constituidos en Ecuador, con al menos 6 meses de ventas comprobables y ventas mínimas de $30,000 al año. Los emprendimientos deben haber superado la etapa de prueba/demostración y estar generando ventas recurrentes, además de contar con un modelo de negocio proyectado al crecimiento y presentar innovación frente a su competencia. Adicional de otros requisitos y criterios de selección."|2023-08-26|2023-08-26|Emprendimiento|Convocatoria, Startups, Ventures, Capital para Emprendedores, Emprendimientos, Financiamiento, Innovación, Ecuador.|Proyecto|ESPOL|82
Ideacamp|"IdeaCamp es un programa que impulsa la innovación y emprendimiento, brindando a emprendedores las herramientas necesarias para desarrollar sus ideas. El programa incluye asesorías, diseño y desarrollo de prototipos, modelo de negocio, y preparación para presentaciones efectivas. Los participantes tienen acceso a un FabLab para construir prototipos y se integran en el ecosistema de innovación. Los talleres y tutorías son principalmente en línea, con opciones presenciales en Quito y Guayaquil. El programa tiene un costo total de $500 por equipo, con descuento del 50% para emprendedores participantes. Estudiantes de ESPOL pueden acceder a una beca del 90%.




"|||Emprendimiento|Innovación, Emprendedores, IdeaCamp, Programa de emprendimiento, Prototipos, Desarrollo de negocios, Asesoramiento empresarial, Innovación empresarial, FabLab, Ecosistema de innovación, Capacitación empresarial, Emprendimiento en Ecuador, Universidad ESPOL.|Proyecto|ESPOL|83
BOOSTCAMP|Boostcamp es un programa de aceleración de emprendimientos en fase inicial que ya cuentan con un prototipo, validación de mercado o primeras ventas. Ofrece asesoramiento en áreas como modelo de negocio, red de contactos, vigilancia tecnológica y propiedad intelectual. Además, brinda mentorías y coaching por parte de profesionales y empresarios experimentados. El programa tiene una duración de 13 semanas e incluye presentaciones intermedias y finales ante actores relevantes. También ofrece la posibilidad de participar en el Start Fellowship de Startup Global en Suiza. Los estudiantes activos de ESPOL pueden acceder a una beca del 90%. El costo total por equipo es de $250.|||Emprendimiento|Aceleración, Emprendimiento, Asesoramiento, Mentorías|Proyecto|ESPOL|84
Semana de Innovación ESPOL|"I3week es una semana enfocada en impulsar el emprendimiento y la innovación, reuniendo a académicos, empresarios, emprendedores y la comunidad en general. Este es el evento principal del año para adquirir conocimiento, compartir ideas y colaborar en la creación de valor y la construcción de un mundo mejor.
¡Inspírate y aprende con expertos en innovación, emprendimiento, sostenibilidad y transferencia tecnológica! Disfruta de charlas interesantes, conferencias, casos de éxito, talleres enriquecedores y oportunidades de hacer contactos. ¡No te pierdas esta gran oportunidad para crecer y aprender!"|2023-11-06|2023-06-10|Innovación|Innovación, Emprendimiento, Asesoramiento, Mentorías|Evento|ESPOL|85
i3corner: ¿Qué son las comunicaciones asincrónicas y cómo potenciar a tu empresa con ellas?|En la charla sobre comunicaciones asincrónicas, Paúl resalta la importancia de mantener una comunicación efectiva con los clientes. Destaca cómo el aumento del uso de teléfonos móviles y las redes sociales influyen en el crecimiento de las personas. Paúl enfatiza que la comunicación con los clientes debe ser constante y no limitarse a la venta, abogando por un control continuo de la comunicación. Las comunicaciones asincrónicas, como el uso de bots, permiten intercambiar información de manera no instantánea y, lo más valioso, dejan un rastro de evidencia, a diferencia de las conversaciones por voz en tiempo real.|2022-03-21|2022-03-21|Empleo|comunicaciones asincrónicas, clientes, redes sociales, comunicación efectiva|Evento|ESPOL|86
i3Corner: Charla Técnica de Control de Calidad de tu Software|"El i3Corner técnico ""Control de Calidad de tu Software"" contó con la participación de expertos de Nahual IT y atrajo a profesionales, estudiantes y profesores relacionados con el tema. El evento se centró en el control de calidad de productos y procesos de software, con un enfoque técnico. Se abordaron diferentes tipos de pruebas y se respondieron preguntas técnicas de la audiencia. El evento proporcionó información valiosa para aquellos interesados en mejorar la calidad de su software y se ofreció la posibilidad de acceder a la charla en línea para quienes no pudieron asistir en persona."|2020-05-31|2020-05-31|Tecnología|Calidad de Software, Testing, Nahual IT, Control de Calidad, Desarrollo de Software, Tecnología|Evento|ESPOL|87
MODELO PREDICTIVO DE CALIDAD DE SERVICIO PARA REDUCIR LATENCIA DE ENCOLAMIENTO|MODELO PREDICTIVO DE CALIDAD DE SERVICIO PARA REDUCIR LATENCIA DE ENCOLAMIENTO|2018-01-01|2022-01-01|Tecnología|Modelo Predictivo, Calidad de Servicio, Reducción de Latencia, Encolamiento, Tecnología, Servicios de Red|Proyecto|ESPOL|88
MODELO PARA EVALUACIÓN DE LOS EFECTOS DEL CAMBIO CLIMÁTICO EN LA OPERACIÓN DE LARGO PLAZO DE CENTRALES HIDROELÉCTRICAS APLICANDO TÉCNICAS DE INTELIGENCIA COMPUTACIONAL|MODELO PARA EVALUACIÓN DE LOS EFECTOS DEL CAMBIO CLIMÁTICO EN LA OPERACIÓN DE LARGO PLAZO DE CENTRALES HIDROELÉCTRICAS APLICANDO TÉCNICAS DE INTELIGENCIA COMPUTACIONAL|2021-01-01|2022-01-01|Medio Ambiente|Modelo Predictivo, Cambio Climático, Centrales Hidroeléctricas, Operación a Largo Plazo, Inteligencia Computacional, Energía Renovable|Proyecto|ESPOL|89
Estudio del Sistema de Alerta Temprana para Inundaciones y Plan de Acción Post COVID - 19 y Prevención de Invierno 2021 en Durán|Estudio del Sistema de Alerta Temprana para Inundaciones y Plan de Acción Post COVID - 19 y Prevención de Invierno 2021 en Durán|2020-08-01|2022-03-01|Salud|Salud, Prevención, Emergencias, COVID-19, Inundaciones, Plan de Acción, Durán|Proyecto|ESPOL|90
Diseño de intervenciones comportamentales de actividad física basadas en modelos dinámicos y técnicas de ingeniera de control aplicables a entornos transculturales.|Diseño de intervenciones comportamentales de actividad física basadas en modelos dinámicos y técnicas de ingeniera de control aplicables a entornos transculturales.|2022-01-01|2028-12-31|Salud|Intervenciones Comportamentales, Actividad Física, Modelos Dinámicos, Técnicas de Ingeniería de Control, Entornos Transculturales|Proyecto|ESPOL|91
Encender la Verdad. Co-Creación de Experiencias de Participación Crítica y Creativa para la Valoración y Apropiación de la verdad|"Este proyecto de investigación-creación, titulado ""Encender la Verdad"", se enfoca en la necesidad de reconstruir el tejido social y fomentar la constitución de ciudadanías que convivan en paz en Colombia. Se basa en el Informe Final de la Comisión de la Verdad y busca superar las barreras de acceso a este extenso documento para que sea comprendido y valorado por un público más amplio. A través de dispositivos de experiencia en espacios públicos de Medellín, se promoverá la participación crítica y creativa sobre la verdad y la historia del conflicto en Colombia. El proyecto surge de una alianza interinstitucional entre varias universidades y expertos en diseño.
"|2025-08-11|2025-08-11|Social|Verdad, Reconstrucción del Tejido Social, Ciudadanía, Participación Crítica, Creatividad, Conflicto Armado, Colombia, Comisión de la Verdad, Diseño, Paz, Memoria, Democracia|Proyecto|UDEM|92
“EL JUEZ INTELIGENTE” - MODELACIÓN DE UN AGENTE COGNITIVO (SISTEMA EXPERTO) QUE ASISTA AL JUEZ PARA EL ANALISIS DE INTELIGENCIA EN LA VALORACIÓN DE LA PRUEBA JUDICIAL.|"Descripción Agente cognitivo o sistema experto que asiste al juez en la valoración de la prueba judicial
Objetivo Desarrollar los elementos de un sistema experto que empleando lógica inductiva y lógica difusa permita al juez valorar individual y conjuntamente las pruebas en el proceso judicial."|2020-07-15|2023-12-30|Social|Juez Inteligente, Agente Cognitivo, Sistema Experto, Valoración de Pruebas, Proceso Judicial, Lógica Inductiva, Lógica Difusa|Proyecto|UDEM|93
CUNETAS PERMEBALES|Se plantea la estandarización de una geometría de cuneta en concreto poroso. Para ello se parte de la identificación identidades de diseño para sistemas de drenajes en el país (rangos de intensidad de precipitación alta, media y baja) áreas drenantes estándar de acuerdo a las características de vía y rangos de pediente. Dadas estas tres variables y con la rigurosidad de la cuneta se plantea la optimización de la capacidad hidráulica para dichas cunetas. Es importante resaltar que el diseño de dichas cunetas depende principalmente de varios factores. 1) capacidad hidraulica de la cuneta, la cual responde a las características hidrológicas de la vía y el área que escurre sobre la misma, 2) la pendiente de al vía o de la cuneta que depende del alineamiento establecido y 3) la rigurosidad y resistencia de la cuneta que depende del material. Adicionalmente de algunas consideraciones geométricas para su funcionamieto.|2018-05-15|2023-12-15|Ingeniería|Infraestructura vial, Drenaje, Diseño geométrico, Hidrología, Ingeniería civil|Proyecto|UDEM|94
ESCUELAS RURALES SEGURAS|Este proyecto se enfoca en abordar el riesgo en las escuelas rurales de Antioquia, Colombia, donde la mayoría de las sedes educativas se encuentran en áreas vulnerables a fenómenos naturales como deslizamientos, inundaciones y terremotos. Se propone desarrollar una plataforma de evaluación de riesgos que ayudará a priorizar intervenciones en estas escuelas. Esto incluye la creación de una matriz de clasificación de las escuelas rurales, el desarrollo de una metodología de evaluación simplificada de riesgos sísmicos y geológicos, la implementación de esta metodología en escuelas piloto y la ejecución de un plan de intervención estructural y de ingeniería para reducir el riesgo en una escuela rural específica. También se promoverá la colaboración entre diferentes actores mediante la creación de una Red Antioqueña de Escuelas Rurales.|2021-12-01|2023-07-31|Social|Riesgo, Escuelas rurales, Colombia, Plataforma de evaluación, Red de colaboración, Ingeniería sísmica, Bioingeniería, Seguridad escolar, Desastres naturales.|Proyecto|UDEM|95
AMIBOT|Un robot instrumentado con sensores de proximidad para la desinfección de manos y suelas de zapatos y bombas nebulizadoras con doble fluido de trabajo (alcohol etílico 70% y armonio cuaternario de 5ta generación) con un diseño amigable para los estudiantes|2020-09-23|2021-12-30|Tecnología|Desinfección, Robot, Sensores, Desinfectante, Estudiantes, Seguridad escolar.|Proyecto|UDEM|96
Web comic para la innovación educativa en salud sexual para adolescentes|"
Sitio web que alojará la serie web comic, con diseño moderno y cercano a los adolescentes. El web comic, será ilustrado con arte digital fresco y divertido. La narrativa tendrá como punto de partida la educación sexual, con un lenguaje actual y fácil de digerir. Objetivo Diseñar un prototipo de web comic como herramienta para el aprendizaje de la salud sexual de los adolescentes"|2020-01-01|2021-12-15|Social|"Educación,Salud,Adolescentes,Innovación



"|Proyecto|UDEM|97
PLEYADES (Plataforma para la exploración y analítica de la deserción estudiantil)|Este proyecto se constituye como un sistema de información especializado, para el análisis de la permanencia estudiantil, fundamentado en el análisis de datos para la toma de decisiones, compuesto por tres componentes fundamentales: el primero se refiere a unos modelos de predicción construidos con inteligencia artificial sobre plataformas Python, el segundo una aplicación web para el ingreso y parametrización de la información a procesar y el tercero un conjunto de tableros (dashboards) para hacer el análisis de la información procesada. El proyecto tiene tres componentes fundamentales: el primero se refiere a unos modelos de predicción construidos con inteligencia artificial sobre plataformas Python, el segundo una aplicación web para el ingreso y parametrización de la información a procesar y el tercero un conjunto de tableros (dashboards) para hacer el análisis de la información procesada|2020-08-10|2021-01-14|Tecnología|Educación, tecnología, Web, Inteligencia Artificial|Proyecto|UDEM|98
AgroMIND: Prototipo de monitoreo remoto para agricultura familiar campesina, una propuesta para la generación de capacidades de adaptación a la variabilidad climática (Un caso de estudio a partir de la Ecohuerta UdeMedellín|Este proyecto aborda la evolución de la tecnología en la agricultura, centrándose en la agricultura de precisión y las tecnologías emergentes como el Internet de las cosas, la inteligencia artificial y el aprendizaje automático aplicados a la agricultura. Se destaca la influencia del cambio climático en la perspectiva agrícola y la necesidad de proteger la seguridad alimentaria mientras se promueve la productividad y la resiliencia. La solución propuesta es una plataforma tecnológica que integra hardware y software para monitorear variables agroclimáticas en tiempo real en el agroecosistema Ecohuerta UdeMedellín, una agricultura familiar campesina. Este monitoreo permitirá tomar decisiones de gestión agrícola y generar conocimiento para ayudar a las familias campesinas a adaptarse a la variabilidad climática.|2020-07-15|2021-07-14|Medio Ambiente|Agricultura, Cambio climático, Seguridad alimentaria, Monitoreo agroclimático.|Proyecto|UDEM|99
"Plataforma robótica para atención hospitalaria de pacientes con enfermedades infecto-contagiosas
"|Este caso de innovación se pretende desarrollar una plataforma robótica que reemplazará al personal médico en tareas que cotidianamente exigen el contacto con pacientes que padecen enfermedades infecto-contagiosas. El robot estará dotado de habilidades de comunicación que le facilitará tanto al doctor como a los familiares el contacto con el paciente, por otra parte se busca que el robot también le entregue al paciente medicamentos y/o alimentos. Para esta primera etapa la plataforma robótica que se pretende desarrollar estará dotada con capacidades de navegación dirigida y otras funcionalidades que le permitirán al autómata (robot):  Realizar la navegación teleoperada, Detección obstáculos,  Reconstruir tridimensionalmente su entorno y Enlace para teleconferencia.|2020-07-15|2022-12-30|Salud|Robótica médica, Atención hospitalaria, Enfermedades infecto-contagiosas, Plataforma robótica.|Proyecto|UDEM|100
VIDEOJUEGO PARA LA INNOVACIÓN EDUCATIVA|Videojuego con un alto componente narrativo, contextualizado en la ciudad de Medellín, que pone al jugador en algunas situaciones cotidianas relacionadas a la educación sexual en las que deberá tomar decisiones y podrá al mismo tiempo aprender sobre la profundidad de esta situación que es compleja en nuestra sociedad. Objetivo diseñar un prototipo de videojuego como herramienta para el aprendizaje de la salud sexual de los adolescentes.|2020-01-01|2021-12-15|Social|Videojuego educativo, Innovación educativa, Educación sexual, Aprendizaje interactivo.|Proyecto|UDEM|101
Smart health mirror - sistema portable de iot para el monitoreo de variables médicos humanas|El proyecto smart health mirror – sistema portable de iot para el monitoreo de variables médicas humanas consta de: i) un sistema innovador de visualización de información a través de una película doble cara, y ii) una comunicación entre una serie de sensores de diagnóstico general del estado actual de un paciente (peso, azúcar en la sangre, saturación de oxígeno, temperatura, pulsaciones y presión sanguínea) con un dispositivo maestro (computador de placa reducida). la información reportada por los sensores es enviada al dispositivo de visualización y a una base de datos en la nube, donde podrá ser monitoreada por terceros autorizados|2019-07-15|2021-01-14|Salud|IoT médico, Monitoreo de salud, Smart health mirror, Diagnóstico médico|Proyecto|UDEM|102
Dispositivo de ultra bajo consumo para la recolección local y transmisión de datos de sensores de humedad y lluvia|Dispositivo de ultra bajo consumo para la recolección local y transmisión de datos de sensores de humedad y lluvia. Objetivo Construir cuatro prototipos de alta fidelidad para la recolección y transporte de información de sensores de humedad y lluvia a través de protocolos de internet de las cosas|2019-07-15|2022-07-30|Medio Ambiente|IoT, Sensores de humedad, Monitoreo climático, Dispositivo de bajo consumo|Proyecto|UDEM|103
